frame,t_s,t_unix_s,n_ref,green_x_m,green_y_m,red_x_m,red_y_m,x_m,y_m,heading_deg,vx_m_s,vy_m_s,u_m_s,v_m_s,r_deg_s,scale,ref_world_rms_m,ref_range_rms_m,color_spacing_m,motion_reset,homography_state,reference_method
0,0.2651,1785356213.446,2,,,,,,,,,,,,,,,,,0,acquiring:0/30,none
1,0.6630,1785356213.854,2,,,,,,,,,,,,,,,,,0,acquiring:0/30,none
2,0.8363,1785356214.015,2,,,,,,,,,,,,,,,,,0,acquiring:0/30,none
3,0.9622,1785356214.124,2,,,,,,,,,,,,,,,,,0,acquiring:0/30,none
4,1.0698,1785356214.255,2,,,,,,,,,,,,,,,,,0,acquiring:0/30,none
5,1.2073,1785356214.357,2,,,,,,,,,,,,,,,,,0,acquiring:0/30,none
6,1.3029,1785356214.467,2,,,,,,,,,,,,,,,,,0,acquiring:0/30,none
7,1.4148,1785356214.586,2,,,,,,,,,,,,,,,,,0,acquiring:0/30,none
8,1.5326,1785356214.693,2,,,,,,,,,,,,,,,,,0,acquiring:0/30,none
9,1.6505,1785356214.802,2,,,,,,,,,,,,,,,,,0,acquiring:0/30,none
10,1.7630,1785356214.924,2,,,,,,,,,,,,,,,,,0,acquiring:0/30,none
11,1.8847,1785356215.048,2,,,,,,,,,,,,,,,,,0,acquiring:0/30,none
12,2.0026,1785356215.155,2,,,,,,,,,,,,,,,,,0,acquiring:0/30,none
13,2.1136,1785356215.268,2,,,,,,,,,,,,,,,,,0,acquiring:0/30,none
14,2.2263,1785356215.378,2,,,,,,,,,,,,,,,,,0,acquiring:0/30,none
15,2.3351,1785356215.488,2,,,,,,,,,,,,,,,,,0,acquiring:0/30,none
16,2.4443,1785356215.595,2,,,,,,,,,,,,,,,,,0,acquiring:0/30,none
17,2.5518,1785356215.702,2,,,,,,,,,,,,,,,,,0,acquiring:0/30,none
18,2.6602,1785356215.812,2,,,,,,,,,,,,,,,,,0,acquiring:0/30,none
19,2.7703,1785356215.921,2,,,,,,,,,,,,,,,,,0,acquiring:0/30,none
20,2.8784,1785356216.029,2,,,,,,,,,,,,,,,,,0,acquiring:0/30,none
21,2.9857,1785356216.137,2,,,,,,,,,,,,,,,,,0,acquiring:0/30,none
22,3.0940,1785356216.247,2,,,,,,,,,,,,,,,,,0,acquiring:0/30,none
23,3.2037,1785356216.367,2,,,,,,,,,,,,,,,,,0,acquiring:0/30,none
24,3.3125,1785356216.458,2,,,,,,,,,,,,,,,,,0,acquiring:0/30,none
25,3.4025,1785356216.548,2,,,,,,,,,,,,,,,,,0,acquiring:0/30,none
26,3.4908,1785356216.641,2,,,,,,,,,,,,,,,,,0,acquiring:0/30,none
27,3.5843,1785356216.730,2,,,,,,,,,,,,,,,,,0,acquiring:0/30,none
28,3.6729,1785356216.818,2,,,,,,,,,,,,,,,,,0,acquiring:0/30,none
29,3.7610,1785356216.906,2,,,,,,,,,,,,,,,,,0,acquiring:0/30,none
30,3.8493,1785356216.995,2,,,,,,,,,,,,,,,,,0,acquiring:0/30,none
31,3.9375,1785356217.089,2,,,,,,,,,,,,,,,,,0,acquiring:0/30,none
32,4.0319,1785356217.177,2,,,,,,,,,,,,,,,,,0,acquiring:0/30,none
33,4.1197,1785356217.265,2,,,,,,,,,,,,,,,,,0,acquiring:0/30,none
34,4.2082,1785356217.354,2,,,,,,,,,,,,,,,,,0,acquiring:0/30,none
35,4.2965,1785356217.442,2,,,,,,,,,,,,,,,,,0,acquiring:0/30,none
36,4.3847,1785356217.530,2,,,,,,,,,,,,,,,,,0,acquiring:0/30,none
37,4.4728,1785356217.619,2,,,,,,,,,,,,,,,,,0,acquiring:0/30,none
38,4.5619,1785356217.711,2,,,,,,,,,,,,,,,,,0,acquiring:0/30,none
39,4.6675,1785356217.819,2,,,,,,,,,,,,,,,,,0,acquiring:0/30,none
40,4.7690,1785356217.914,2,,,,,,,,,,,,,,,,,0,acquiring:0/30,none
41,4.8585,1785356218.021,2,,,,,,,,,,,,,,,,,0,acquiring:0/30,none
42,4.9643,1785356218.111,2,,,,,,,,,,,,,,,,,0,acquiring:0/30,none
43,5.0665,1785356218.221,2,,,,,,,,,,,,,,,,,0,acquiring:0/30,none
44,5.1716,1785356218.320,2,,,,,,,,,,,,,,,,,0,acquiring:0/30,none
45,5.2732,1785356218.425,2,,,,,,,,,,,,,,,,,0,acquiring:0/30,none
46,5.3749,1785356218.520,2,,,,,,,,,,,,,,,,,0,acquiring:0/30,none
47,5.4694,1785356218.619,2,,,,,,,,,,,,,,,,,0,acquiring:0/30,none
48,5.5684,1785356218.713,2,,,,,,,,,,,,,,,,,0,acquiring:0/30,none
49,5.6631,1785356218.808,2,,,,,,,,,,,,,,,,,0,acquiring:0/30,none
50,5.7578,1785356218.903,2,,,,,,,,,,,,,,,,,0,acquiring:0/30,none
51,5.8489,1785356219.003,2,,,,,,,,,,,,,,,,,0,acquiring:0/30,none
52,5.9523,1785356219.097,2,,,,,,,,,,,,,,,,,0,acquiring:0/30,none
53,6.0475,1785356219.193,2,,,,,,,,,,,,,,,,,0,acquiring:0/30,none
54,6.1430,1785356219.288,2,,,,,,,,,,,,,,,,,0,acquiring:0/30,none
55,6.2375,1785356219.382,2,,,,,,,,,,,,,,,,,0,acquiring:0/30,none
56,6.3336,1785356219.489,2,,,,,,,,,,,,,,,,,0,acquiring:0/30,none
57,6.4430,1785356219.593,2,,,,,,,,,,,,,,,,,0,acquiring:0/30,none
58,6.5423,1785356219.687,2,,,,,,,,,,,,,,,,,0,acquiring:0/30,none
59,6.6400,1785356219.790,2,,,,,,,,,,,,,,,,,0,acquiring:0/30,none
60,6.7433,1785356219.894,2,,,,,,,,,,,,,,,,,0,acquiring:0/30,none
61,6.8420,1785356219.987,2,,,,,,,,,,,,,,,,,0,acquiring:0/30,none
62,6.9362,1785356220.085,2,,,,,,,,,,,,,,,,,0,acquiring:0/30,none
63,7.0345,1785356220.179,2,,,,,,,,,,,,,,,,,0,acquiring:0/30,none
64,7.1281,1785356220.273,2,,,,,,,,,,,,,,,,,0,acquiring:0/30,none
65,7.2234,1785356220.368,2,,,,,,,,,,,,,,,,,0,acquiring:0/30,none
66,7.3169,1785356220.462,2,,,,,,,,,,,,,,,,,0,acquiring:0/30,none
67,7.4115,1785356220.557,2,,,,,,,,,,,,,,,,,0,acquiring:0/30,none
68,7.5059,1785356220.651,2,,,,,,,,,,,,,,,,,0,acquiring:0/30,none
69,7.6012,1785356220.746,2,,,,,,,,,,,,,,,,,0,acquiring:0/30,none
70,7.6957,1785356220.841,2,,,,,,,,,,,,,,,,,0,acquiring:0/30,none
71,7.7905,1785356220.935,2,,,,,,,,,,,,,,,,,0,acquiring:0/30,none
72,7.8846,1785356221.030,2,,,,,,,,,,,,,,,,,0,acquiring:0/30,none
73,7.9736,1785356221.118,2,,,,,,,,,,,,,,,,,0,acquiring:0/30,none
74,8.0616,1785356221.208,2,,,,,,,,,,,,,,,,,0,acquiring:0/30,none
75,8.1520,1785356221.297,2,,,,,,,,,,,,,,,,,0,acquiring:0/30,none
76,8.2404,1785356221.386,2,,,,,,,,,,,,,,,,,0,acquiring:0/30,none
77,8.3287,1785356221.474,2,,,,,,,,,,,,,,,,,0,acquiring:0/30,none
78,8.4171,1785356221.562,2,,,,,,,,,,,,,,,,,0,acquiring:0/30,none
79,8.5054,1785356221.653,2,,,,,,,,,,,,,,,,,0,acquiring:0/30,none
80,8.5973,1785356221.743,2,,,,,,,,,,,,,,,,,0,acquiring:0/30,none
81,8.6864,1785356221.832,2,,,,,,,,,,,,,,,,,0,acquiring:0/30,none
82,8.7753,1785356221.921,2,,,,,,,,,,,,,,,,,0,acquiring:0/30,none
83,8.8639,1785356222.009,2,,,,,,,,,,,,,,,,,0,acquiring:0/30,none
84,8.9532,1785356222.098,2,,,,,,,,,,,,,,,,,0,acquiring:0/30,none
85,9.0415,1785356222.188,2,,,,,,,,,,,,,,,,,0,acquiring:0/30,none
86,9.1317,1785356222.277,2,,,,,,,,,,,,,,,,,0,acquiring:0/30,none
